	age	createDays	event_count	fan_count	follow_count	gender	level	listening_songs_num	location	playlistCount	userId	user_description
0	unknown	787	1	1	7	2	6	727	3	7	420887615	每天练琴5小时的云迪，遥不可及......
1	unknown	22	0	1	1	1	3	183	4	2	1800398645	
2	unknown	22	0	1	1	1	3	183	4	2	1800398645	
3	unknown	604	2	5	1	1	8	3217	4	5	568218401	
4	unknown	579	2	3	3	2	6	773	1	7	318682366	
5	19	825	1	2	3	1	7	1678	1	3	395964505	西南battle king
6	unknown	675	0	4	4	2	6	682	2	2	501179319	
7	18	798	2	3	1	2	7	1391	3	2	413830444	
8	18	678	1	2	1	2	9	10773	3	6	499332328	飞进你心里~
9	18	678	1	2	1	2	9	10773	3	6	499332328	飞进你心里~
10	unknown	17998	3	1	1	1	8	5307	1	15	39976833	
11	unknown	457	1	1	7	1	6	1009	1	4	1315352910	遇见你是偶然不经意间的惊喜
12	30	1	0	1	3	0	0	0	3	1	1821844233	才知你去了个地方叫永远，你可否代我发表退役宣言
13	unknown	993	2	1	9	1	7	1565	6	7	308813553	抬头是精神，蹭屄是牺牲😌
14	unknown	1105	3	6	2	2	7	1697	5	7	261603504	己所不欲勿施于人
15	unknown	17998	4	4	1	0	7	1898	0	2	41046222	stay chill
16	unknown	120	0	0	4	2	5	254	6	7	1703382394	
17	unknown	547	3	6	3	1	7	2475	6	2	616929917	一事无成，只剩遗憾
18	19	568	0	6	3	1	8	6070	5	11	597738076	
19	unknown	591	1	1	1	2	8	5792	0	21	568980957	大家都好热爱生活 是装的吗？💉
20	unknown	890	0	1	1	1	7	1042	4	6	356267853	
21	-3	690	2	4	1	2	7	2165	1	19	491236042	生生不息。
22	18	282	0	4	5	1	7	1723	4	12	1509479582	这个人想要本硕博走一波。
23	unknown	890	0	1	1	1	7	1042	4	6	356267853	
24	16	113	2	1	2	2	4	202	5	4	1709729812	君は本当に大きくなったんだ
25	16	113	2	1	2	2	4	202	5	4	1709729812	君は本当に大きくなったんだ
26	unknown	846	0	3	4	1	4	177	3	3	380272179	薇heibai88588
27	unknown	453	0	2	5	0	5	340	3	4	1341316522	
28	unknown	614	0	3	1	0	7	1464	1	7	560059877	
29	unknown	17998	4	4	1	0	7	1898	0	2	41046222	stay chill
30	unknown	366	4	2	3	1	5	272	0	4	1426380850	有些事，不管是输还是赢，我们都必须去做。
31	unknown	874	0	2	3	1	6	652	6	5	364755039	
32	unknown	955	0	5	0	2	7	2637	0	7	322467121	Doctor
33	0	6	0	5	3	0	1	226	4	2	1816955658	
34	19	299	0	2	6	2	5	356	6	3	1490917928	
35	unknown	51	0	2	4	2	0	8	1	1	1769915076	
36	48	496	0	5	3	1	6	873	5	2	1301960832	
37	27	17998	1	2	1	1	7	1079	3	3	29353870	听你爱听的歌
38	27	17998	1	2	1	1	7	1079	3	3	29353870	听你爱听的歌
39	unknown	934	1	5	8	0	6	980	3	7	129362706	
40	unknown	14	0	1	3	1	0	1	2	1	1808875483	
41	unknown	5	0	1	2	1	0	9	1	2	1818651829	
42	19	1160	2	1	3	1	7	1296	3	15	132433142	
43	20	667	8	6	5	1	7	2063	1	9	507793255	中考备战,十年磨一剑,至少应该做一回自己的英雄。
44	16	643	1	2	7	1	8	5920	4	12	536409980	绿
45	unknown	193	0	2	1	0	5	366	2	3	1620034133	
46	19	954	2	2	6	2	9	8983	3	14	326665271	身体和灵魂总有一个在路上，出走的目的，只是想找回那个迷失的自己。
47	unknown	250	0	2	4	1	0	7	3	2	1543850131	
48	unknown	725	0	2	1	2	7	1860	4	13	468944832	
49	unknown	103	0	2	4	2	2	65	1	1	1720357556	
50	unknown	726	2	4	9	1	8	3051	4	10	468463511	
51	unknown	599	0	3	3	2	6	831	3	1	571876729	
52	unknown	901	2	9	1	1	7	1422	0	4	351077634	是谁发明了我喜欢你这种人间疾苦
53	unknown	901	2	9	1	1	7	1422	0	4	351077634	是谁发明了我喜欢你这种人间疾苦
54	29	240	0	2	1	1	6	766	1	11	1554592246	
55	unknown	243	0	2	1	1	6	617	3	8	1325502836	
56	unknown	901	2	9	1	1	7	1422	0	4	351077634	是谁发明了我喜欢你这种人间疾苦
57	29	1162	1	2	6	0	7	1147	4	16	131518549	
58	unknown	554	0	1	3	1	5	228	3	9	600066450	
59	unknown	486	0	2	8	2	7	1509	3	3	1309613719	
60	unknown	486	0	2	8	2	7	1509	3	3	1309613719	
61	unknown	257	9	9	1	2	6	469	0	4	1536453828	关键就在于，你是选择共同幸福，还是独霸利益？
62	unknown	257	9	9	1	2	6	469	0	4	1536453828	关键就在于，你是选择共同幸福，还是独霸利益？
63	22	808	0	1	2	1	8	3217	4	10	408146618	人丑嘴不甜
64	unknown	545	0	1	4	0	5	284	3	2	471460280	
65	unknown	573	0	2	3	1	6	827	5	6	593985286	
66	19	357	0	6	1	1	5	367	3	2	1434471757	我在等的人？我愿不离不弃，你能生死相依？
67	unknown	712	3	2	1	1	5	345	6	3	476950690	心若沉浮，浅笑安然
68	20	285	0	1	0	1	4	198	3	1	1507032520	
69	19	568	0	6	3	1	8	6070	5	11	597738076	
70	24	920	2	1	1	1	8	3177	2	12	248127877	
71	unknown	901	2	9	1	1	7	1422	0	4	351077634	是谁发明了我喜欢你这种人间疾苦
72	unknown	1070	3	4	5	2	7	2714	2	6	274834820	
73	unknown	1193	0	1	3	1	6	1075	0	1	120501079	
74	unknown	111	0	2	6	1	2	43	5	3	1712519521	
75	19	458	1	5	3	1	7	2956	3	7	1336992762	你可以坐在扶手椅上继续读你的书，种你的树，看着它们长大。
76	unknown	901	2	9	1	1	7	1422	0	4	351077634	是谁发明了我喜欢你这种人间疾苦
77	unknown	1062	1	1	4	1	7	2018	1	25	278103562	
78	unknown	1062	1	1	4	1	7	2018	1	25	278103562	
79	unknown	524	0	3	3	2	5	254	4	3	636018485	
80	0	160	0	1	2	0	3	129	6	1	1661066806	
81	23	647	0	4	1	1	5	395	1	5	533628942	
82	23	647	0	4	1	1	5	395	1	5	533628942	
83	17	958	0	4	5	1	7	1133	4	19	324652680	
84	2	696	2	5	7	2	8	3779	7	3	414532650	好好学习 和你 一起
85	unknown	408	0	2	4	1	6	870	3	1	1385348001	
86	unknown	52	0	7	3	1	4	349	4	1	1769118128	
87	unknown	227	0	1	7	1	3	121	1	1	1577206603	
88	14	135	0	1	3	1	5	1176	3	12	1685697332	湉湉咖黎
89	18	223	0	1	3	2	7	1048	3	2	1581652860	
90	unknown	685	1	1	1	1	8	3810	3	5	493863053	
91	29	1108	4	1	5	1	8	7488	6	11	259924770	恃宠而骄 不负厚爱
92	unknown	8	0	1	5	0	2	55	3	1	1815276736	
93	16	1079	3	1	1	1	1	39	4	2	271219022	Get Everybody Moving
94	unknown	705	0	6	1	1	7	1853	4	7	481761469	
95	unknown	251	0	0	4	1	6	1967	1	3	1543264916	
96	unknown	771	0	1	7	1	6	840	3	4	430763795	
97	unknown	874	0	1	5	1	5	394	4	1	364484847	
98	unknown	1252	0	2	2	0	7	2313	3	29	103308263	
99	unknown	733	0	4	9	1	6	874	1	11	1366183182	
100	unknown	22	0	1	1	1	3	183	4	2	1800398645	
101	unknown	22	0	1	1	1	3	183	4	2	1800398645	
102	unknown	604	2	5	1	1	8	3217	4	5	568218401	
103	unknown	579	2	3	3	2	6	773	1	7	318682366	
104	19	825	1	2	3	1	7	1678	1	3	395964505	西南battle king
105	unknown	675	0	4	4	2	6	682	2	2	501179319	
106	18	798	2	3	1	2	7	1391	3	2	413830444	
107	18	678	1	2	1	2	9	10773	3	6	499332328	飞进你心里~
108	18	678	1	2	1	2	9	10773	3	6	499332328	飞进你心里~
109	unknown	17998	3	1	1	1	8	5307	1	15	39976833	
110	unknown	457	1	1	7	1	6	1009	1	4	1315352910	遇见你是偶然不经意间的惊喜
111	30	1	0	1	3	0	0	0	3	1	1821844233	才知你去了个地方叫永远，你可否代我发表退役宣言
112	unknown	993	2	1	9	1	7	1565	6	7	308813553	抬头是精神，蹭屄是牺牲😌
113	unknown	1105	3	6	2	2	7	1697	5	7	261603504	己所不欲勿施于人
114	unknown	17998	4	4	1	0	7	1898	0	2	41046222	stay chill
115	unknown	120	0	0	4	2	5	254	6	7	1703382394	
116	unknown	547	3	6	3	1	7	2475	6	2	616929917	一事无成，只剩遗憾
117	19	568	0	6	3	1	8	6070	5	11	597738076	
118	unknown	591	1	1	1	2	8	5792	0	21	568980957	大家都好热爱生活 是装的吗？💉
119	unknown	890	0	1	1	1	7	1042	4	6	356267853	
120	-3	690	2	4	1	2	7	2165	1	19	491236042	生生不息。
121	18	282	0	4	5	1	7	1723	4	12	1509479582	这个人想要本硕博走一波。
122	unknown	890	0	1	1	1	7	1042	4	6	356267853	
123	16	113	2	1	2	2	4	202	5	4	1709729812	君は本当に大きくなったんだ
124	16	113	2	1	2	2	4	202	5	4	1709729812	君は本当に大きくなったんだ
125	unknown	846	0	3	4	1	4	177	3	3	380272179	薇heibai88588
126	unknown	453	0	2	5	0	5	340	3	4	1341316522	
127	unknown	614	0	3	1	0	7	1464	1	7	560059877	
128	unknown	17998	4	4	1	0	7	1898	0	2	41046222	stay chill
129	unknown	366	4	2	3	1	5	272	0	4	1426380850	有些事，不管是输还是赢，我们都必须去做。
130	unknown	874	0	2	3	1	6	652	6	5	364755039	
131	unknown	955	0	5	0	2	7	2637	0	7	322467121	Doctor
132	0	6	0	5	3	0	1	226	4	2	1816955658	
133	19	299	0	2	6	2	5	356	6	3	1490917928	
134	unknown	51	0	2	4	2	0	8	1	1	1769915076	
135	48	496	0	5	3	1	6	873	5	2	1301960832	
136	27	17998	1	2	1	1	7	1079	3	3	29353870	听你爱听的歌
137	27	17998	1	2	1	1	7	1079	3	3	29353870	听你爱听的歌
138	unknown	934	1	5	8	0	6	980	3	7	129362706	
139	unknown	14	0	1	3	1	0	1	2	1	1808875483	
140	unknown	5	0	1	2	1	0	9	1	2	1818651829	
141	19	1160	2	1	3	1	7	1296	3	15	132433142	
142	20	667	8	6	5	1	7	2063	1	9	507793255	中考备战,十年磨一剑,至少应该做一回自己的英雄。
143	16	643	1	2	7	1	8	5920	4	12	536409980	绿
144	unknown	193	0	2	1	0	5	366	2	3	1620034133	
145	19	954	2	2	6	2	9	8983	3	14	326665271	身体和灵魂总有一个在路上，出走的目的，只是想找回那个迷失的自己。
146	unknown	250	0	2	4	1	0	7	3	2	1543850131	
147	unknown	725	0	2	1	2	7	1860	4	13	468944832	
148	unknown	103	0	2	4	2	2	65	1	1	1720357556	
149	unknown	726	2	4	9	1	8	3051	4	10	468463511	
150	unknown	599	0	3	3	2	6	831	3	1	571876729	
151	unknown	901	2	9	1	1	7	1422	0	4	351077634	是谁发明了我喜欢你这种人间疾苦
152	unknown	901	2	9	1	1	7	1422	0	4	351077634	是谁发明了我喜欢你这种人间疾苦
153	29	240	0	2	1	1	6	766	1	11	1554592246	
154	unknown	243	0	2	1	1	6	617	3	8	1325502836	
155	unknown	901	2	9	1	1	7	1422	0	4	351077634	是谁发明了我喜欢你这种人间疾苦
156	29	1162	1	2	6	0	7	1147	4	16	131518549	
157	unknown	554	0	1	3	1	5	228	3	9	600066450	
158	unknown	486	0	2	8	2	7	1509	3	3	1309613719	
159	unknown	486	0	2	8	2	7	1509	3	3	1309613719	
160	unknown	257	9	9	1	2	6	469	0	4	1536453828	关键就在于，你是选择共同幸福，还是独霸利益？
161	unknown	257	9	9	1	2	6	469	0	4	1536453828	关键就在于，你是选择共同幸福，还是独霸利益？
162	22	808	0	1	2	1	8	3217	4	10	408146618	人丑嘴不甜
163	unknown	545	0	1	4	0	5	284	3	2	471460280	
164	unknown	573	0	2	3	1	6	827	5	6	593985286	
165	19	357	0	6	1	1	5	367	3	2	1434471757	我在等的人？我愿不离不弃，你能生死相依？
166	unknown	712	3	2	1	1	5	345	6	3	476950690	心若沉浮，浅笑安然
167	20	285	0	1	0	1	4	198	3	1	1507032520	
168	19	568	0	6	3	1	8	6070	5	11	597738076	
169	24	920	2	1	1	1	8	3177	2	12	248127877	
170	unknown	901	2	9	1	1	7	1422	0	4	351077634	是谁发明了我喜欢你这种人间疾苦
171	unknown	1070	3	4	5	2	7	2714	2	6	274834820	
172	unknown	1193	0	1	3	1	6	1075	0	1	120501079	
173	unknown	111	0	2	6	1	2	43	5	3	1712519521	
174	19	458	1	5	3	1	7	2956	3	7	1336992762	你可以坐在扶手椅上继续读你的书，种你的树，看着它们长大。
175	unknown	901	2	9	1	1	7	1422	0	4	351077634	是谁发明了我喜欢你这种人间疾苦
176	unknown	1062	1	1	4	1	7	2018	1	25	278103562	
177	unknown	1062	1	1	4	1	7	2018	1	25	278103562	
178	unknown	524	0	3	3	2	5	254	4	3	636018485	
179	0	160	0	1	2	0	3	129	6	1	1661066806	
180	23	647	0	4	1	1	5	395	1	5	533628942	
181	23	647	0	4	1	1	5	395	1	5	533628942	
182	17	958	0	4	5	1	7	1133	4	19	324652680	
183	2	696	2	5	7	2	8	3779	7	3	414532650	好好学习 和你 一起
184	unknown	408	0	2	4	1	6	870	3	1	1385348001	
185	unknown	52	0	7	3	1	4	349	4	1	1769118128	
186	unknown	227	0	1	7	1	3	121	1	1	1577206603	
187	14	135	0	1	3	1	5	1176	3	12	1685697332	湉湉咖黎
188	18	223	0	1	3	2	7	1048	3	2	1581652860	
189	unknown	685	1	1	1	1	8	3810	3	5	493863053	
190	29	1108	4	1	5	1	8	7488	6	11	259924770	恃宠而骄 不负厚爱
191	unknown	8	0	1	5	0	2	55	3	1	1815276736	
192	16	1079	3	1	1	1	1	39	4	2	271219022	Get Everybody Moving
193	unknown	705	0	6	1	1	7	1853	4	7	481761469	
194	unknown	251	0	0	4	1	6	1967	1	3	1543264916	
195	unknown	771	0	1	7	1	6	840	3	4	430763795	
196	unknown	874	0	1	5	1	5	394	4	1	364484847	
197	unknown	1252	0	2	2	0	7	2313	3	29	103308263	
198	unknown	733	0	4	9	1	6	874	1	11	1366183182	
199	unknown	755	2	1	5	1	6	1000	0	2	440226493	嘴上没关系心里很在意
200	unknown	22	0	1	1	1	3	183	4	2	1800398645	
201	unknown	604	2	5	1	1	8	3217	4	5	568218401	
202	unknown	579	2	3	3	2	6	773	1	7	318682366	
203	19	825	1	2	3	1	7	1678	1	3	395964505	西南battle king
204	unknown	675	0	4	4	2	6	682	2	2	501179319	
205	18	798	2	3	1	2	7	1391	3	2	413830444	
206	18	678	1	2	1	2	9	10773	3	6	499332328	飞进你心里~
207	18	678	1	2	1	2	9	10773	3	6	499332328	飞进你心里~
208	unknown	17998	3	1	1	1	8	5307	1	15	39976833	
209	unknown	457	1	1	7	1	6	1009	1	4	1315352910	遇见你是偶然不经意间的惊喜
210	30	1	0	1	3	0	0	0	3	1	1821844233	才知你去了个地方叫永远，你可否代我发表退役宣言
211	unknown	993	2	1	9	1	7	1565	6	7	308813553	抬头是精神，蹭屄是牺牲😌
212	unknown	1105	3	6	2	2	7	1697	5	7	261603504	己所不欲勿施于人
213	unknown	17998	4	4	1	0	7	1898	0	2	41046222	stay chill
214	unknown	120	0	0	4	2	5	254	6	7	1703382394	
215	unknown	547	3	6	3	1	7	2475	6	2	616929917	一事无成，只剩遗憾
216	19	568	0	6	3	1	8	6070	5	11	597738076	
217	unknown	591	1	1	1	2	8	5792	0	21	568980957	大家都好热爱生活 是装的吗？💉
218	unknown	890	0	1	1	1	7	1042	4	6	356267853	
219	-3	690	2	4	1	2	7	2165	1	19	491236042	生生不息。
220	18	282	0	4	5	1	7	1723	4	12	1509479582	这个人想要本硕博走一波。
221	unknown	890	0	1	1	1	7	1042	4	6	356267853	
222	16	113	2	1	2	2	4	202	5	4	1709729812	君は本当に大きくなったんだ
223	16	113	2	1	2	2	4	202	5	4	1709729812	君は本当に大きくなったんだ
224	unknown	846	0	3	4	1	4	177	3	3	380272179	薇heibai88588
225	unknown	453	0	2	5	0	5	340	3	4	1341316522	
226	unknown	614	0	3	1	0	7	1464	1	7	560059877	
227	unknown	17998	4	4	1	0	7	1898	0	2	41046222	stay chill
228	unknown	366	4	2	3	1	5	272	0	4	1426380850	有些事，不管是输还是赢，我们都必须去做。
229	unknown	874	0	2	3	1	6	652	6	5	364755039	
230	unknown	955	0	5	0	2	7	2637	0	7	322467121	Doctor
231	0	6	0	5	3	0	1	226	4	2	1816955658	
232	19	299	0	2	6	2	5	356	6	3	1490917928	
233	unknown	51	0	2	4	2	0	8	1	1	1769915076	
234	48	496	0	5	3	1	6	873	5	2	1301960832	
235	27	17998	1	2	1	1	7	1079	3	3	29353870	听你爱听的歌
236	27	17998	1	2	1	1	7	1079	3	3	29353870	听你爱听的歌
237	unknown	934	1	5	8	0	6	980	3	7	129362706	
238	unknown	14	0	1	3	1	0	1	2	1	1808875483	
239	unknown	5	0	1	2	1	0	9	1	2	1818651829	
240	19	1160	2	1	3	1	7	1296	3	15	132433142	
241	20	667	8	6	5	1	7	2063	1	9	507793255	中考备战,十年磨一剑,至少应该做一回自己的英雄。
242	16	643	1	2	7	1	8	5920	4	12	536409980	绿
243	unknown	193	0	2	1	0	5	366	2	3	1620034133	
244	19	954	2	2	6	2	9	8983	3	14	326665271	身体和灵魂总有一个在路上，出走的目的，只是想找回那个迷失的自己。
245	unknown	250	0	2	4	1	0	7	3	2	1543850131	
246	unknown	725	0	2	1	2	7	1860	4	13	468944832	
247	unknown	103	0	2	4	2	2	65	1	1	1720357556	
248	unknown	726	2	4	9	1	8	3051	4	10	468463511	
249	unknown	599	0	3	3	2	6	831	3	1	571876729	
250	unknown	901	2	9	1	1	7	1422	0	4	351077634	是谁发明了我喜欢你这种人间疾苦
251	unknown	901	2	9	1	1	7	1422	0	4	351077634	是谁发明了我喜欢你这种人间疾苦
252	29	240	0	2	1	1	6	766	1	11	1554592246	
253	unknown	243	0	2	1	1	6	617	3	8	1325502836	
254	unknown	901	2	9	1	1	7	1422	0	4	351077634	是谁发明了我喜欢你这种人间疾苦
255	29	1162	1	2	6	0	7	1147	4	16	131518549	
256	unknown	554	0	1	3	1	5	228	3	9	600066450	
257	unknown	486	0	2	8	2	7	1509	3	3	1309613719	
258	unknown	486	0	2	8	2	7	1509	3	3	1309613719	
259	unknown	257	9	9	1	2	6	469	0	4	1536453828	关键就在于，你是选择共同幸福，还是独霸利益？
260	unknown	257	9	9	1	2	6	469	0	4	1536453828	关键就在于，你是选择共同幸福，还是独霸利益？
261	22	808	0	1	2	1	8	3217	4	10	408146618	人丑嘴不甜
262	unknown	545	0	1	4	0	5	284	3	2	471460280	
263	unknown	573	0	2	3	1	6	827	5	6	593985286	
264	19	357	0	6	1	1	5	367	3	2	1434471757	我在等的人？我愿不离不弃，你能生死相依？
265	unknown	712	3	2	1	1	5	345	6	3	476950690	心若沉浮，浅笑安然
266	20	285	0	1	0	1	4	198	3	1	1507032520	
267	19	568	0	6	3	1	8	6070	5	11	597738076	
268	24	920	2	1	1	1	8	3177	2	12	248127877	
269	unknown	901	2	9	1	1	7	1422	0	4	351077634	是谁发明了我喜欢你这种人间疾苦
270	unknown	1070	3	4	5	2	7	2714	2	6	274834820	
271	unknown	1193	0	1	3	1	6	1075	0	1	120501079	
272	unknown	111	0	2	6	1	2	43	5	3	1712519521	
273	19	458	1	5	3	1	7	2956	3	7	1336992762	你可以坐在扶手椅上继续读你的书，种你的树，看着它们长大。
274	unknown	901	2	9	1	1	7	1422	0	4	351077634	是谁发明了我喜欢你这种人间疾苦
275	unknown	1062	1	1	4	1	7	2018	1	25	278103562	
276	unknown	1062	1	1	4	1	7	2018	1	25	278103562	
277	unknown	524	0	3	3	2	5	254	4	3	636018485	
278	0	160	0	1	2	0	3	129	6	1	1661066806	
279	23	647	0	4	1	1	5	395	1	5	533628942	
280	23	647	0	4	1	1	5	395	1	5	533628942	
281	17	958	0	4	5	1	7	1133	4	19	324652680	
282	2	696	2	5	7	2	8	3779	7	3	414532650	好好学习 和你 一起
283	unknown	408	0	2	4	1	6	870	3	1	1385348001	
284	unknown	52	0	7	3	1	4	349	4	1	1769118128	
285	unknown	227	0	1	7	1	3	121	1	1	1577206603	
286	14	135	0	1	3	1	5	1176	3	12	1685697332	湉湉咖黎
287	18	223	0	1	3	2	7	1048	3	2	1581652860	
288	unknown	685	1	1	1	1	8	3810	3	5	493863053	
289	29	1108	4	1	5	1	8	7488	6	11	259924770	恃宠而骄 不负厚爱
290	unknown	8	0	1	5	0	2	55	3	1	1815276736	
291	16	1079	3	1	1	1	1	39	4	2	271219022	Get Everybody Moving
292	unknown	705	0	6	1	1	7	1853	4	7	481761469	
293	unknown	251	0	0	4	1	6	1967	1	3	1543264916	
294	unknown	771	0	1	7	1	6	840	3	4	430763795	
295	unknown	874	0	1	5	1	5	394	4	1	364484847	
296	unknown	1252	0	2	2	0	7	2313	3	29	103308263	
297	unknown	733	0	4	9	1	6	874	1	11	1366183182	
298	unknown	755	2	1	5	1	6	1000	0	2	440226493	嘴上没关系心里很在意
299	unknown	784	1	2	9	1	6	945	4	3	423181982	
300	unknown	604	2	5	1	1	8	3217	4	5	568218401	
301	unknown	579	2	3	3	2	6	773	1	7	318682366	
302	19	825	1	2	3	1	7	1678	1	3	395964505	西南battle king
303	unknown	675	0	4	4	2	6	682	2	2	501179319	
304	18	798	2	3	1	2	7	1391	3	2	413830444	
305	18	678	1	2	1	2	9	10773	3	6	499332328	飞进你心里~
306	18	678	1	2	1	2	9	10773	3	6	499332328	飞进你心里~
307	unknown	17998	3	1	1	1	8	5307	1	15	39976833	
308	unknown	457	1	1	7	1	6	1009	1	4	1315352910	遇见你是偶然不经意间的惊喜
309	30	1	0	1	3	0	0	0	3	1	1821844233	才知你去了个地方叫永远，你可否代我发表退役宣言
310	unknown	993	2	1	9	1	7	1565	6	7	308813553	抬头是精神，蹭屄是牺牲😌
311	unknown	1105	3	6	2	2	7	1697	5	7	261603504	己所不欲勿施于人
312	unknown	17998	4	4	1	0	7	1898	0	2	41046222	stay chill
313	unknown	120	0	0	4	2	5	254	6	7	1703382394	
314	unknown	547	3	6	3	1	7	2475	6	2	616929917	一事无成，只剩遗憾
315	19	568	0	6	3	1	8	6070	5	11	597738076	
316	unknown	591	1	1	1	2	8	5792	0	21	568980957	大家都好热爱生活 是装的吗？💉
317	unknown	890	0	1	1	1	7	1042	4	6	356267853	
318	-3	690	2	4	1	2	7	2165	1	19	491236042	生生不息。
319	18	282	0	4	5	1	7	1723	4	12	1509479582	这个人想要本硕博走一波。
320	unknown	890	0	1	1	1	7	1042	4	6	356267853	
321	16	113	2	1	2	2	4	202	5	4	1709729812	君は本当に大きくなったんだ
322	16	113	2	1	2	2	4	202	5	4	1709729812	君は本当に大きくなったんだ
323	unknown	846	0	3	4	1	4	177	3	3	380272179	薇heibai88588
324	unknown	453	0	2	5	0	5	340	3	4	1341316522	
325	unknown	614	0	3	1	0	7	1464	1	7	560059877	
326	unknown	17998	4	4	1	0	7	1898	0	2	41046222	stay chill
327	unknown	366	4	2	3	1	5	272	0	4	1426380850	有些事，不管是输还是赢，我们都必须去做。
328	unknown	874	0	2	3	1	6	652	6	5	364755039	
329	unknown	955	0	5	0	2	7	2637	0	7	322467121	Doctor
330	0	6	0	5	3	0	1	226	4	2	1816955658	
331	19	299	0	2	6	2	5	356	6	3	1490917928	
332	unknown	51	0	2	4	2	0	8	1	1	1769915076	
333	48	496	0	5	3	1	6	873	5	2	1301960832	
334	27	17998	1	2	1	1	7	1079	3	3	29353870	听你爱听的歌
335	27	17998	1	2	1	1	7	1079	3	3	29353870	听你爱听的歌
336	unknown	934	1	5	8	0	6	980	3	7	129362706	
337	unknown	14	0	1	3	1	0	1	2	1	1808875483	
338	unknown	5	0	1	2	1	0	9	1	2	1818651829	
339	19	1160	2	1	3	1	7	1296	3	15	132433142	
340	20	667	8	6	5	1	7	2063	1	9	507793255	中考备战,十年磨一剑,至少应该做一回自己的英雄。
341	16	643	1	2	7	1	8	5920	4	12	536409980	绿
342	unknown	193	0	2	1	0	5	366	2	3	1620034133	
343	19	954	2	2	6	2	9	8983	3	14	326665271	身体和灵魂总有一个在路上，出走的目的，只是想找回那个迷失的自己。
344	unknown	250	0	2	4	1	0	7	3	2	1543850131	
345	unknown	725	0	2	1	2	7	1860	4	13	468944832	
346	unknown	103	0	2	4	2	2	65	1	1	1720357556	
347	unknown	726	2	4	9	1	8	3051	4	10	468463511	
348	unknown	599	0	3	3	2	6	831	3	1	571876729	
349	unknown	901	2	9	1	1	7	1422	0	4	351077634	是谁发明了我喜欢你这种人间疾苦
350	unknown	901	2	9	1	1	7	1422	0	4	351077634	是谁发明了我喜欢你这种人间疾苦
351	29	240	0	2	1	1	6	766	1	11	1554592246	
352	unknown	243	0	2	1	1	6	617	3	8	1325502836	
353	unknown	901	2	9	1	1	7	1422	0	4	351077634	是谁发明了我喜欢你这种人间疾苦
354	29	1162	1	2	6	0	7	1147	4	16	131518549	
355	unknown	554	0	1	3	1	5	228	3	9	600066450	
356	unknown	486	0	2	8	2	7	1509	3	3	1309613719	
357	unknown	486	0	2	8	2	7	1509	3	3	1309613719	
358	unknown	257	9	9	1	2	6	469	0	4	1536453828	关键就在于，你是选择共同幸福，还是独霸利益？
359	unknown	257	9	9	1	2	6	469	0	4	1536453828	关键就在于，你是选择共同幸福，还是独霸利益？
360	22	808	0	1	2	1	8	3217	4	10	408146618	人丑嘴不甜
361	unknown	545	0	1	4	0	5	284	3	2	471460280	
362	unknown	573	0	2	3	1	6	827	5	6	593985286	
363	19	357	0	6	1	1	5	367	3	2	1434471757	我在等的人？我愿不离不弃，你能生死相依？
364	unknown	712	3	2	1	1	5	345	6	3	476950690	心若沉浮，浅笑安然
365	20	285	0	1	0	1	4	198	3	1	1507032520	
366	19	568	0	6	3	1	8	6070	5	11	597738076	
367	24	920	2	1	1	1	8	3177	2	12	248127877	
368	unknown	901	2	9	1	1	7	1422	0	4	351077634	是谁发明了我喜欢你这种人间疾苦
369	unknown	1070	3	4	5	2	7	2714	2	6	274834820	
370	unknown	1193	0	1	3	1	6	1075	0	1	120501079	
371	unknown	111	0	2	6	1	2	43	5	3	1712519521	
372	19	458	1	5	3	1	7	2956	3	7	1336992762	你可以坐在扶手椅上继续读你的书，种你的树，看着它们长大。
373	unknown	901	2	9	1	1	7	1422	0	4	351077634	是谁发明了我喜欢你这种人间疾苦
374	unknown	1062	1	1	4	1	7	2018	1	25	278103562	
375	unknown	1062	1	1	4	1	7	2018	1	25	278103562	
376	unknown	524	0	3	3	2	5	254	4	3	636018485	
377	0	160	0	1	2	0	3	129	6	1	1661066806	
378	23	647	0	4	1	1	5	395	1	5	533628942	
379	23	647	0	4	1	1	5	395	1	5	533628942	
380	17	958	0	4	5	1	7	1133	4	19	324652680	
381	2	696	2	5	7	2	8	3779	7	3	414532650	好好学习 和你 一起
382	unknown	408	0	2	4	1	6	870	3	1	1385348001	
383	unknown	52	0	7	3	1	4	349	4	1	1769118128	
384	unknown	227	0	1	7	1	3	121	1	1	1577206603	
385	14	135	0	1	3	1	5	1176	3	12	1685697332	湉湉咖黎
386	18	223	0	1	3	2	7	1048	3	2	1581652860	
387	unknown	685	1	1	1	1	8	3810	3	5	493863053	
388	29	1108	4	1	5	1	8	7488	6	11	259924770	恃宠而骄 不负厚爱
389	unknown	8	0	1	5	0	2	55	3	1	1815276736	
390	16	1079	3	1	1	1	1	39	4	2	271219022	Get Everybody Moving
391	unknown	705	0	6	1	1	7	1853	4	7	481761469	
392	unknown	251	0	0	4	1	6	1967	1	3	1543264916	
393	unknown	771	0	1	7	1	6	840	3	4	430763795	
394	unknown	874	0	1	5	1	5	394	4	1	364484847	
395	unknown	1252	0	2	2	0	7	2313	3	29	103308263	
396	unknown	733	0	4	9	1	6	874	1	11	1366183182	
397	unknown	755	2	1	5	1	6	1000	0	2	440226493	嘴上没关系心里很在意
398	unknown	784	1	2	9	1	6	945	4	3	423181982	
399	22	159	0	1	3	1	5	348	1	1	1662208847	
400	unknown	579	2	3	3	2	6	773	1	7	318682366	
401	19	825	1	2	3	1	7	1678	1	3	395964505	西南battle king
402	unknown	675	0	4	4	2	6	682	2	2	501179319	
403	18	798	2	3	1	2	7	1391	3	2	413830444	
404	18	678	1	2	1	2	9	10773	3	6	499332328	飞进你心里~
405	18	678	1	2	1	2	9	10773	3	6	499332328	飞进你心里~
406	unknown	17998	3	1	1	1	8	5307	1	15	39976833	
407	unknown	457	1	1	7	1	6	1009	1	4	1315352910	遇见你是偶然不经意间的惊喜
408	30	1	0	1	3	0	0	0	3	1	1821844233	才知你去了个地方叫永远，你可否代我发表退役宣言
409	unknown	993	2	1	9	1	7	1565	6	7	308813553	抬头是精神，蹭屄是牺牲😌
410	unknown	1105	3	6	2	2	7	1697	5	7	261603504	己所不欲勿施于人
411	unknown	17998	4	4	1	0	7	1898	0	2	41046222	stay chill
412	unknown	120	0	0	4	2	5	254	6	7	1703382394	
413	unknown	547	3	6	3	1	7	2475	6	2	616929917	一事无成，只剩遗憾
414	19	568	0	6	3	1	8	6070	5	11	597738076	
415	unknown	591	1	1	1	2	8	5792	0	21	568980957	大家都好热爱生活 是装的吗？💉
416	unknown	890	0	1	1	1	7	1042	4	6	356267853	
417	-3	690	2	4	1	2	7	2165	1	19	491236042	生生不息。
418	18	282	0	4	5	1	7	1723	4	12	1509479582	这个人想要本硕博走一波。
419	unknown	890	0	1	1	1	7	1042	4	6	356267853	
420	16	113	2	1	2	2	4	202	5	4	1709729812	君は本当に大きくなったんだ
421	16	113	2	1	2	2	4	202	5	4	1709729812	君は本当に大きくなったんだ
422	unknown	846	0	3	4	1	4	177	3	3	380272179	薇heibai88588
423	unknown	453	0	2	5	0	5	340	3	4	1341316522	
424	unknown	614	0	3	1	0	7	1464	1	7	560059877	
425	unknown	17998	4	4	1	0	7	1898	0	2	41046222	stay chill
426	unknown	366	4	2	3	1	5	272	0	4	1426380850	有些事，不管是输还是赢，我们都必须去做。
427	unknown	874	0	2	3	1	6	652	6	5	364755039	
428	unknown	955	0	5	0	2	7	2637	0	7	322467121	Doctor
429	0	6	0	5	3	0	1	226	4	2	1816955658	
430	19	299	0	2	6	2	5	356	6	3	1490917928	
431	unknown	51	0	2	4	2	0	8	1	1	1769915076	
432	48	496	0	5	3	1	6	873	5	2	1301960832	
433	27	17998	1	2	1	1	7	1079	3	3	29353870	听你爱听的歌
434	27	17998	1	2	1	1	7	1079	3	3	29353870	听你爱听的歌
435	unknown	934	1	5	8	0	6	980	3	7	129362706	
436	unknown	14	0	1	3	1	0	1	2	1	1808875483	
437	unknown	5	0	1	2	1	0	9	1	2	1818651829	
438	19	1160	2	1	3	1	7	1296	3	15	132433142	
439	20	667	8	6	5	1	7	2063	1	9	507793255	中考备战,十年磨一剑,至少应该做一回自己的英雄。
440	16	643	1	2	7	1	8	5920	4	12	536409980	绿
441	unknown	193	0	2	1	0	5	366	2	3	1620034133	
442	19	954	2	2	6	2	9	8983	3	14	326665271	身体和灵魂总有一个在路上，出走的目的，只是想找回那个迷失的自己。
443	unknown	250	0	2	4	1	0	7	3	2	1543850131	
444	unknown	725	0	2	1	2	7	1860	4	13	468944832	
445	unknown	103	0	2	4	2	2	65	1	1	1720357556	
446	unknown	726	2	4	9	1	8	3051	4	10	468463511	
447	unknown	599	0	3	3	2	6	831	3	1	571876729	
448	unknown	901	2	9	1	1	7	1422	0	4	351077634	是谁发明了我喜欢你这种人间疾苦
449	unknown	901	2	9	1	1	7	1422	0	4	351077634	是谁发明了我喜欢你这种人间疾苦
450	29	240	0	2	1	1	6	766	1	11	1554592246	
451	unknown	243	0	2	1	1	6	617	3	8	1325502836	
452	unknown	901	2	9	1	1	7	1422	0	4	351077634	是谁发明了我喜欢你这种人间疾苦
453	29	1162	1	2	6	0	7	1147	4	16	131518549	
454	unknown	554	0	1	3	1	5	228	3	9	600066450	
455	unknown	486	0	2	8	2	7	1509	3	3	1309613719	
456	unknown	486	0	2	8	2	7	1509	3	3	1309613719	
457	unknown	257	9	9	1	2	6	469	0	4	1536453828	关键就在于，你是选择共同幸福，还是独霸利益？
458	unknown	257	9	9	1	2	6	469	0	4	1536453828	关键就在于，你是选择共同幸福，还是独霸利益？
459	22	808	0	1	2	1	8	3217	4	10	408146618	人丑嘴不甜
460	unknown	545	0	1	4	0	5	284	3	2	471460280	
461	unknown	573	0	2	3	1	6	827	5	6	593985286	
462	19	357	0	6	1	1	5	367	3	2	1434471757	我在等的人？我愿不离不弃，你能生死相依？
463	unknown	712	3	2	1	1	5	345	6	3	476950690	心若沉浮，浅笑安然
464	20	285	0	1	0	1	4	198	3	1	1507032520	
465	19	568	0	6	3	1	8	6070	5	11	597738076	
466	24	920	2	1	1	1	8	3177	2	12	248127877	
467	unknown	901	2	9	1	1	7	1422	0	4	351077634	是谁发明了我喜欢你这种人间疾苦
468	unknown	1070	3	4	5	2	7	2714	2	6	274834820	
469	unknown	1193	0	1	3	1	6	1075	0	1	120501079	
470	unknown	111	0	2	6	1	2	43	5	3	1712519521	
471	19	458	1	5	3	1	7	2956	3	7	1336992762	你可以坐在扶手椅上继续读你的书，种你的树，看着它们长大。
472	unknown	901	2	9	1	1	7	1422	0	4	351077634	是谁发明了我喜欢你这种人间疾苦
473	unknown	1062	1	1	4	1	7	2018	1	25	278103562	
474	unknown	1062	1	1	4	1	7	2018	1	25	278103562	
475	unknown	524	0	3	3	2	5	254	4	3	636018485	
476	0	160	0	1	2	0	3	129	6	1	1661066806	
477	23	647	0	4	1	1	5	395	1	5	533628942	
478	23	647	0	4	1	1	5	395	1	5	533628942	
479	17	958	0	4	5	1	7	1133	4	19	324652680	
480	2	696	2	5	7	2	8	3779	7	3	414532650	好好学习 和你 一起
481	unknown	408	0	2	4	1	6	870	3	1	1385348001	
482	unknown	52	0	7	3	1	4	349	4	1	1769118128	
483	unknown	227	0	1	7	1	3	121	1	1	1577206603	
484	14	135	0	1	3	1	5	1176	3	12	1685697332	湉湉咖黎
485	18	223	0	1	3	2	7	1048	3	2	1581652860	
486	unknown	685	1	1	1	1	8	3810	3	5	493863053	
487	29	1108	4	1	5	1	8	7488	6	11	259924770	恃宠而骄 不负厚爱
488	unknown	8	0	1	5	0	2	55	3	1	1815276736	
489	16	1079	3	1	1	1	1	39	4	2	271219022	Get Everybody Moving
490	unknown	705	0	6	1	1	7	1853	4	7	481761469	
491	unknown	251	0	0	4	1	6	1967	1	3	1543264916	
492	unknown	771	0	1	7	1	6	840	3	4	430763795	
493	unknown	874	0	1	5	1	5	394	4	1	364484847	
494	unknown	1252	0	2	2	0	7	2313	3	29	103308263	
495	unknown	733	0	4	9	1	6	874	1	11	1366183182	
496	unknown	755	2	1	5	1	6	1000	0	2	440226493	嘴上没关系心里很在意
497	unknown	784	1	2	9	1	6	945	4	3	423181982	
498	22	159	0	1	3	1	5	348	1	1	1662208847	
499	unknown	630	0	2	7	1	7	1396	0	2	547137588	
500	19	825	1	2	3	1	7	1678	1	3	395964505	西南battle king
501	unknown	675	0	4	4	2	6	682	2	2	501179319	
502	18	798	2	3	1	2	7	1391	3	2	413830444	
503	18	678	1	2	1	2	9	10773	3	6	499332328	飞进你心里~
504	18	678	1	2	1	2	9	10773	3	6	499332328	飞进你心里~
505	unknown	17998	3	1	1	1	8	5307	1	15	39976833	
506	unknown	457	1	1	7	1	6	1009	1	4	1315352910	遇见你是偶然不经意间的惊喜
507	30	1	0	1	3	0	0	0	3	1	1821844233	才知你去了个地方叫永远，你可否代我发表退役宣言
508	unknown	993	2	1	9	1	7	1565	6	7	308813553	抬头是精神，蹭屄是牺牲😌
509	unknown	1105	3	6	2	2	7	1697	5	7	261603504	己所不欲勿施于人
510	unknown	17998	4	4	1	0	7	1898	0	2	41046222	stay chill
511	unknown	120	0	0	4	2	5	254	6	7	1703382394	
512	unknown	547	3	6	3	1	7	2475	6	2	616929917	一事无成，只剩遗憾
513	19	568	0	6	3	1	8	6070	5	11	597738076	
514	unknown	591	1	1	1	2	8	5792	0	21	568980957	大家都好热爱生活 是装的吗？💉
515	unknown	890	0	1	1	1	7	1042	4	6	356267853	
516	-3	690	2	4	1	2	7	2165	1	19	491236042	生生不息。
517	18	282	0	4	5	1	7	1723	4	12	1509479582	这个人想要本硕博走一波。
518	unknown	890	0	1	1	1	7	1042	4	6	356267853	
519	16	113	2	1	2	2	4	202	5	4	1709729812	君は本当に大きくなったんだ
520	16	113	2	1	2	2	4	202	5	4	1709729812	君は本当に大きくなったんだ
521	unknown	846	0	3	4	1	4	177	3	3	380272179	薇heibai88588
522	unknown	453	0	2	5	0	5	340	3	4	1341316522	
523	unknown	614	0	3	1	0	7	1464	1	7	560059877	
524	unknown	17998	4	4	1	0	7	1898	0	2	41046222	stay chill
525	unknown	366	4	2	3	1	5	272	0	4	1426380850	有些事，不管是输还是赢，我们都必须去做。
526	unknown	874	0	2	3	1	6	652	6	5	364755039	
527	unknown	955	0	5	0	2	7	2637	0	7	322467121	Doctor
528	0	6	0	5	3	0	1	226	4	2	1816955658	
529	19	299	0	2	6	2	5	356	6	3	1490917928	
530	unknown	51	0	2	4	2	0	8	1	1	1769915076	
531	48	496	0	5	3	1	6	873	5	2	1301960832	
532	27	17998	1	2	1	1	7	1079	3	3	29353870	听你爱听的歌
533	27	17998	1	2	1	1	7	1079	3	3	29353870	听你爱听的歌
534	unknown	934	1	5	8	0	6	980	3	7	129362706	
535	unknown	14	0	1	3	1	0	1	2	1	1808875483	
536	unknown	5	0	1	2	1	0	9	1	2	1818651829	
537	19	1160	2	1	3	1	7	1296	3	15	132433142	
538	20	667	8	6	5	1	7	2063	1	9	507793255	中考备战,十年磨一剑,至少应该做一回自己的英雄。
539	16	643	1	2	7	1	8	5920	4	12	536409980	绿
540	unknown	193	0	2	1	0	5	366	2	3	1620034133	
541	19	954	2	2	6	2	9	8983	3	14	326665271	身体和灵魂总有一个在路上，出走的目的，只是想找回那个迷失的自己。
542	unknown	250	0	2	4	1	0	7	3	2	1543850131	
543	unknown	725	0	2	1	2	7	1860	4	13	468944832	
544	unknown	103	0	2	4	2	2	65	1	1	1720357556	
545	unknown	726	2	4	9	1	8	3051	4	10	468463511	
546	unknown	599	0	3	3	2	6	831	3	1	571876729	
547	unknown	901	2	9	1	1	7	1422	0	4	351077634	是谁发明了我喜欢你这种人间疾苦
548	unknown	901	2	9	1	1	7	1422	0	4	351077634	是谁发明了我喜欢你这种人间疾苦
549	29	240	0	2	1	1	6	766	1	11	1554592246	
550	unknown	243	0	2	1	1	6	617	3	8	1325502836	
551	unknown	901	2	9	1	1	7	1422	0	4	351077634	是谁发明了我喜欢你这种人间疾苦
552	29	1162	1	2	6	0	7	1147	4	16	131518549	
553	unknown	554	0	1	3	1	5	228	3	9	600066450	
554	unknown	486	0	2	8	2	7	1509	3	3	1309613719	
555	unknown	486	0	2	8	2	7	1509	3	3	1309613719	
556	unknown	257	9	9	1	2	6	469	0	4	1536453828	关键就在于，你是选择共同幸福，还是独霸利益？
557	unknown	257	9	9	1	2	6	469	0	4	1536453828	关键就在于，你是选择共同幸福，还是独霸利益？
558	22	808	0	1	2	1	8	3217	4	10	408146618	人丑嘴不甜
559	unknown	545	0	1	4	0	5	284	3	2	471460280	
560	unknown	573	0	2	3	1	6	827	5	6	593985286	
561	19	357	0	6	1	1	5	367	3	2	1434471757	我在等的人？我愿不离不弃，你能生死相依？
562	unknown	712	3	2	1	1	5	345	6	3	476950690	心若沉浮，浅笑安然
563	20	285	0	1	0	1	4	198	3	1	1507032520	
564	19	568	0	6	3	1	8	6070	5	11	597738076	
565	24	920	2	1	1	1	8	3177	2	12	248127877	
566	unknown	901	2	9	1	1	7	1422	0	4	351077634	是谁发明了我喜欢你这种人间疾苦
567	unknown	1070	3	4	5	2	7	2714	2	6	274834820	
568	unknown	1193	0	1	3	1	6	1075	0	1	120501079	
569	unknown	111	0	2	6	1	2	43	5	3	1712519521	
570	19	458	1	5	3	1	7	2956	3	7	1336992762	你可以坐在扶手椅上继续读你的书，种你的树，看着它们长大。
571	unknown	901	2	9	1	1	7	1422	0	4	351077634	是谁发明了我喜欢你这种人间疾苦
572	unknown	1062	1	1	4	1	7	2018	1	25	278103562	
573	unknown	1062	1	1	4	1	7	2018	1	25	278103562	
574	unknown	524	0	3	3	2	5	254	4	3	636018485	
575	0	160	0	1	2	0	3	129	6	1	1661066806	
576	23	647	0	4	1	1	5	395	1	5	533628942	
577	23	647	0	4	1	1	5	395	1	5	533628942	
578	17	958	0	4	5	1	7	1133	4	19	324652680	
579	2	696	2	5	7	2	8	3779	7	3	414532650	好好学习 和你 一起
580	unknown	408	0	2	4	1	6	870	3	1	1385348001	
581	unknown	52	0	7	3	1	4	349	4	1	1769118128	
582	unknown	227	0	1	7	1	3	121	1	1	1577206603	
583	14	135	0	1	3	1	5	1176	3	12	1685697332	湉湉咖黎
584	18	223	0	1	3	2	7	1048	3	2	1581652860	
585	unknown	685	1	1	1	1	8	3810	3	5	493863053	
586	29	1108	4	1	5	1	8	7488	6	11	259924770	恃宠而骄 不负厚爱
587	unknown	8	0	1	5	0	2	55	3	1	1815276736	
588	16	1079	3	1	1	1	1	39	4	2	271219022	Get Everybody Moving
589	unknown	705	0	6	1	1	7	1853	4	7	481761469	
590	unknown	251	0	0	4	1	6	1967	1	3	1543264916	
591	unknown	771	0	1	7	1	6	840	3	4	430763795	
592	unknown	874	0	1	5	1	5	394	4	1	364484847	
593	unknown	1252	0	2	2	0	7	2313	3	29	103308263	
594	unknown	733	0	4	9	1	6	874	1	11	1366183182	
595	unknown	755	2	1	5	1	6	1000	0	2	440226493	嘴上没关系心里很在意
596	unknown	784	1	2	9	1	6	945	4	3	423181982	
597	22	159	0	1	3	1	5	348	1	1	1662208847	
598	unknown	630	0	2	7	1	7	1396	0	2	547137588	
599	20	612	0	1	5	1	6	412	3	1	562189965	青春若有一颗不变的心。
600	unknown	675	0	4	4	2	6	682	2	2	501179319	
601	18	798	2	3	1	2	7	1391	3	2	413830444	
602	18	678	1	2	1	2	9	10773	3	6	499332328	飞进你心里~
603	18	678	1	2	1	2	9	10773	3	6	499332328	飞进你心里~
604	unknown	17998	3	1	1	1	8	5307	1	15	39976833	
605	unknown	457	1	1	7	1	6	1009	1	4	1315352910	遇见你是偶然不经意间的惊喜
606	30	1	0	1	3	0	0	0	3	1	1821844233	才知你去了个地方叫永远，你可否代我发表退役宣言
607	unknown	993	2	1	9	1	7	1565	6	7	308813553	抬头是精神，蹭屄是牺牲😌
608	unknown	1105	3	6	2	2	7	1697	5	7	261603504	己所不欲勿施于人
609	unknown	17998	4	4	1	0	7	1898	0	2	41046222	stay chill
610	unknown	120	0	0	4	2	5	254	6	7	1703382394	
611	unknown	547	3	6	3	1	7	2475	6	2	616929917	一事无成，只剩遗憾
612	19	568	0	6	3	1	8	6070	5	11	597738076	
613	unknown	591	1	1	1	2	8	5792	0	21	568980957	大家都好热爱生活 是装的吗？💉
614	unknown	890	0	1	1	1	7	1042	4	6	356267853	
615	-3	690	2	4	1	2	7	2165	1	19	491236042	生生不息。
616	18	282	0	4	5	1	7	1723	4	12	1509479582	这个人想要本硕博走一波。
617	unknown	890	0	1	1	1	7	1042	4	6	356267853	
618	16	113	2	1	2	2	4	202	5	4	1709729812	君は本当に大きくなったんだ
619	16	113	2	1	2	2	4	202	5	4	1709729812	君は本当に大きくなったんだ
620	unknown	846	0	3	4	1	4	177	3	3	380272179	薇heibai88588
621	unknown	453	0	2	5	0	5	340	3	4	1341316522	
622	unknown	614	0	3	1	0	7	1464	1	7	560059877	
623	unknown	17998	4	4	1	0	7	1898	0	2	41046222	stay chill
624	unknown	366	4	2	3	1	5	272	0	4	1426380850	有些事，不管是输还是赢，我们都必须去做。
625	unknown	874	0	2	3	1	6	652	6	5	364755039	
626	unknown	955	0	5	0	2	7	2637	0	7	322467121	Doctor
627	0	6	0	5	3	0	1	226	4	2	1816955658	
628	19	299	0	2	6	2	5	356	6	3	1490917928	
629	unknown	51	0	2	4	2	0	8	1	1	1769915076	
630	48	496	0	5	3	1	6	873	5	2	1301960832	
631	27	17998	1	2	1	1	7	1079	3	3	29353870	听你爱听的歌
632	27	17998	1	2	1	1	7	1079	3	3	29353870	听你爱听的歌
633	unknown	934	1	5	8	0	6	980	3	7	129362706	
634	unknown	14	0	1	3	1	0	1	2	1	1808875483	
635	unknown	5	0	1	2	1	0	9	1	2	1818651829	
636	19	1160	2	1	3	1	7	1296	3	15	132433142	
637	20	667	8	6	5	1	7	2063	1	9	507793255	中考备战,十年磨一剑,至少应该做一回自己的英雄。
638	16	643	1	2	7	1	8	5920	4	12	536409980	绿
639	unknown	193	0	2	1	0	5	366	2	3	1620034133	
640	19	954	2	2	6	2	9	8983	3	14	326665271	身体和灵魂总有一个在路上，出走的目的，只是想找回那个迷失的自己。
641	unknown	250	0	2	4	1	0	7	3	2	1543850131	
642	unknown	725	0	2	1	2	7	1860	4	13	468944832	
643	unknown	103	0	2	4	2	2	65	1	1	1720357556	
644	unknown	726	2	4	9	1	8	3051	4	10	468463511	
645	unknown	599	0	3	3	2	6	831	3	1	571876729	
646	unknown	901	2	9	1	1	7	1422	0	4	351077634	是谁发明了我喜欢你这种人间疾苦
647	unknown	901	2	9	1	1	7	1422	0	4	351077634	是谁发明了我喜欢你这种人间疾苦
648	29	240	0	2	1	1	6	766	1	11	1554592246	
649	unknown	243	0	2	1	1	6	617	3	8	1325502836	
650	unknown	901	2	9	1	1	7	1422	0	4	351077634	是谁发明了我喜欢你这种人间疾苦
651	29	1162	1	2	6	0	7	1147	4	16	131518549	
652	unknown	554	0	1	3	1	5	228	3	9	600066450	
653	unknown	486	0	2	8	2	7	1509	3	3	1309613719	
654	unknown	486	0	2	8	2	7	1509	3	3	1309613719	
655	unknown	257	9	9	1	2	6	469	0	4	1536453828	关键就在于，你是选择共同幸福，还是独霸利益？
656	unknown	257	9	9	1	2	6	469	0	4	1536453828	关键就在于，你是选择共同幸福，还是独霸利益？
657	22	808	0	1	2	1	8	3217	4	10	408146618	人丑嘴不甜
658	unknown	545	0	1	4	0	5	284	3	2	471460280	
659	unknown	573	0	2	3	1	6	827	5	6	593985286	
660	19	357	0	6	1	1	5	367	3	2	1434471757	我在等的人？我愿不离不弃，你能生死相依？
661	unknown	712	3	2	1	1	5	345	6	3	476950690	心若沉浮，浅笑安然
662	20	285	0	1	0	1	4	198	3	1	1507032520	
663	19	568	0	6	3	1	8	6070	5	11	597738076	
664	24	920	2	1	1	1	8	3177	2	12	248127877	
665	unknown	901	2	9	1	1	7	1422	0	4	351077634	是谁发明了我喜欢你这种人间疾苦
666	unknown	1070	3	4	5	2	7	2714	2	6	274834820	
667	unknown	1193	0	1	3	1	6	1075	0	1	120501079	
668	unknown	111	0	2	6	1	2	43	5	3	1712519521	
669	19	458	1	5	3	1	7	2956	3	7	1336992762	你可以坐在扶手椅上继续读你的书，种你的树，看着它们长大。
670	unknown	901	2	9	1	1	7	1422	0	4	351077634	是谁发明了我喜欢你这种人间疾苦
671	unknown	1062	1	1	4	1	7	2018	1	25	278103562	
672	unknown	1062	1	1	4	1	7	2018	1	25	278103562	
673	unknown	524	0	3	3	2	5	254	4	3	636018485	
674	0	160	0	1	2	0	3	129	6	1	1661066806	
675	23	647	0	4	1	1	5	395	1	5	533628942	
676	23	647	0	4	1	1	5	395	1	5	533628942	
677	17	958	0	4	5	1	7	1133	4	19	324652680	
678	2	696	2	5	7	2	8	3779	7	3	414532650	好好学习 和你 一起
679	unknown	408	0	2	4	1	6	870	3	1	1385348001	
680	unknown	52	0	7	3	1	4	349	4	1	1769118128	
681	unknown	227	0	1	7	1	3	121	1	1	1577206603	
682	14	135	0	1	3	1	5	1176	3	12	1685697332	湉湉咖黎
683	18	223	0	1	3	2	7	1048	3	2	1581652860	
684	unknown	685	1	1	1	1	8	3810	3	5	493863053	
685	29	1108	4	1	5	1	8	7488	6	11	259924770	恃宠而骄 不负厚爱
686	unknown	8	0	1	5	0	2	55	3	1	1815276736	
687	16	1079	3	1	1	1	1	39	4	2	271219022	Get Everybody Moving
688	unknown	705	0	6	1	1	7	1853	4	7	481761469	
689	unknown	251	0	0	4	1	6	1967	1	3	1543264916	
690	unknown	771	0	1	7	1	6	840	3	4	430763795	
691	unknown	874	0	1	5	1	5	394	4	1	364484847	
692	unknown	1252	0	2	2	0	7	2313	3	29	103308263	
693	unknown	733	0	4	9	1	6	874	1	11	1366183182	
694	unknown	755	2	1	5	1	6	1000	0	2	440226493	嘴上没关系心里很在意
695	unknown	784	1	2	9	1	6	945	4	3	423181982	
696	22	159	0	1	3	1	5	348	1	1	1662208847	
697	unknown	630	0	2	7	1	7	1396	0	2	547137588	
698	20	612	0	1	5	1	6	412	3	1	562189965	青春若有一颗不变的心。
699	26	235	1	3	6	2	6	518	5	4	1565519972	希望再见，只谈风声，不动心，不伤情……
700	18	798	2	3	1	2	7	1391	3	2	413830444	
701	18	678	1	2	1	2	9	10773	3	6	499332328	飞进你心里~
702	18	678	1	2	1	2	9	10773	3	6	499332328	飞进你心里~
703	unknown	17998	3	1	1	1	8	5307	1	15	39976833	
704	unknown	457	1	1	7	1	6	1009	1	4	1315352910	遇见你是偶然不经意间的惊喜
705	30	1	0	1	3	0	0	0	3	1	1821844233	才知你去了个地方叫永远，你可否代我发表退役宣言
706	unknown	993	2	1	9	1	7	1565	6	7	308813553	抬头是精神，蹭屄是牺牲😌
707	unknown	1105	3	6	2	2	7	1697	5	7	261603504	己所不欲勿施于人
708	unknown	17998	4	4	1	0	7	1898	0	2	41046222	stay chill
709	unknown	120	0	0	4	2	5	254	6	7	1703382394	
710	unknown	547	3	6	3	1	7	2475	6	2	616929917	一事无成，只剩遗憾
711	19	568	0	6	3	1	8	6070	5	11	597738076	
712	unknown	591	1	1	1	2	8	5792	0	21	568980957	大家都好热爱生活 是装的吗？💉
713	unknown	890	0	1	1	1	7	1042	4	6	356267853	
714	-3	690	2	4	1	2	7	2165	1	19	491236042	生生不息。
715	18	282	0	4	5	1	7	1723	4	12	1509479582	这个人想要本硕博走一波。
716	unknown	890	0	1	1	1	7	1042	4	6	356267853	
717	16	113	2	1	2	2	4	202	5	4	1709729812	君は本当に大きくなったんだ
718	16	113	2	1	2	2	4	202	5	4	1709729812	君は本当に大きくなったんだ
719	unknown	846	0	3	4	1	4	177	3	3	380272179	薇heibai88588
720	unknown	453	0	2	5	0	5	340	3	4	1341316522	
721	unknown	614	0	3	1	0	7	1464	1	7	560059877	
722	unknown	17998	4	4	1	0	7	1898	0	2	41046222	stay chill
723	unknown	366	4	2	3	1	5	272	0	4	1426380850	有些事，不管是输还是赢，我们都必须去做。
724	unknown	874	0	2	3	1	6	652	6	5	364755039	
725	unknown	955	0	5	0	2	7	2637	0	7	322467121	Doctor
726	0	6	0	5	3	0	1	226	4	2	1816955658	
727	19	299	0	2	6	2	5	356	6	3	1490917928	
728	unknown	51	0	2	4	2	0	8	1	1	1769915076	
729	48	496	0	5	3	1	6	873	5	2	1301960832	
730	27	17998	1	2	1	1	7	1079	3	3	29353870	听你爱听的歌
731	27	17998	1	2	1	1	7	1079	3	3	29353870	听你爱听的歌
732	unknown	934	1	5	8	0	6	980	3	7	129362706	
733	unknown	14	0	1	3	1	0	1	2	1	1808875483	
734	unknown	5	0	1	2	1	0	9	1	2	1818651829	
735	19	1160	2	1	3	1	7	1296	3	15	132433142	
736	20	667	8	6	5	1	7	2063	1	9	507793255	中考备战,十年磨一剑,至少应该做一回自己的英雄。
737	16	643	1	2	7	1	8	5920	4	12	536409980	绿
738	unknown	193	0	2	1	0	5	366	2	3	1620034133	
739	19	954	2	2	6	2	9	8983	3	14	326665271	身体和灵魂总有一个在路上，出走的目的，只是想找回那个迷失的自己。
740	unknown	250	0	2	4	1	0	7	3	2	1543850131	
741	unknown	725	0	2	1	2	7	1860	4	13	468944832	
742	unknown	103	0	2	4	2	2	65	1	1	1720357556	
743	unknown	726	2	4	9	1	8	3051	4	10	468463511	
744	unknown	599	0	3	3	2	6	831	3	1	571876729	
745	unknown	901	2	9	1	1	7	1422	0	4	351077634	是谁发明了我喜欢你这种人间疾苦
746	unknown	901	2	9	1	1	7	1422	0	4	351077634	是谁发明了我喜欢你这种人间疾苦
747	29	240	0	2	1	1	6	766	1	11	1554592246	
748	unknown	243	0	2	1	1	6	617	3	8	1325502836	
749	unknown	901	2	9	1	1	7	1422	0	4	351077634	是谁发明了我喜欢你这种人间疾苦
750	29	1162	1	2	6	0	7	1147	4	16	131518549	
751	unknown	554	0	1	3	1	5	228	3	9	600066450	
752	unknown	486	0	2	8	2	7	1509	3	3	1309613719	
753	unknown	486	0	2	8	2	7	1509	3	3	1309613719	
754	unknown	257	9	9	1	2	6	469	0	4	1536453828	关键就在于，你是选择共同幸福，还是独霸利益？
755	unknown	257	9	9	1	2	6	469	0	4	1536453828	关键就在于，你是选择共同幸福，还是独霸利益？
756	22	808	0	1	2	1	8	3217	4	10	408146618	人丑嘴不甜
757	unknown	545	0	1	4	0	5	284	3	2	471460280	
758	unknown	573	0	2	3	1	6	827	5	6	593985286	
759	19	357	0	6	1	1	5	367	3	2	1434471757	我在等的人？我愿不离不弃，你能生死相依？
760	unknown	712	3	2	1	1	5	345	6	3	476950690	心若沉浮，浅笑安然
761	20	285	0	1	0	1	4	198	3	1	1507032520	
762	19	568	0	6	3	1	8	6070	5	11	597738076	
763	24	920	2	1	1	1	8	3177	2	12	248127877	
764	unknown	901	2	9	1	1	7	1422	0	4	351077634	是谁发明了我喜欢你这种人间疾苦
765	unknown	1070	3	4	5	2	7	2714	2	6	274834820	
766	unknown	1193	0	1	3	1	6	1075	0	1	120501079	
767	unknown	111	0	2	6	1	2	43	5	3	1712519521	
768	19	458	1	5	3	1	7	2956	3	7	1336992762	你可以坐在扶手椅上继续读你的书，种你的树，看着它们长大。
769	unknown	901	2	9	1	1	7	1422	0	4	351077634	是谁发明了我喜欢你这种人间疾苦
770	unknown	1062	1	1	4	1	7	2018	1	25	278103562	
771	unknown	1062	1	1	4	1	7	2018	1	25	278103562	
772	unknown	524	0	3	3	2	5	254	4	3	636018485	
773	0	160	0	1	2	0	3	129	6	1	1661066806	
774	23	647	0	4	1	1	5	395	1	5	533628942	
775	23	647	0	4	1	1	5	395	1	5	533628942	
776	17	958	0	4	5	1	7	1133	4	19	324652680	
777	2	696	2	5	7	2	8	3779	7	3	414532650	好好学习 和你 一起
778	unknown	408	0	2	4	1	6	870	3	1	1385348001	
779	unknown	52	0	7	3	1	4	349	4	1	1769118128	
780	unknown	227	0	1	7	1	3	121	1	1	1577206603	
781	14	135	0	1	3	1	5	1176	3	12	1685697332	湉湉咖黎
782	18	223	0	1	3	2	7	1048	3	2	1581652860	
783	unknown	685	1	1	1	1	8	3810	3	5	493863053	
784	29	1108	4	1	5	1	8	7488	6	11	259924770	恃宠而骄 不负厚爱
785	unknown	8	0	1	5	0	2	55	3	1	1815276736	
786	16	1079	3	1	1	1	1	39	4	2	271219022	Get Everybody Moving
787	unknown	705	0	6	1	1	7	1853	4	7	481761469	
788	unknown	251	0	0	4	1	6	1967	1	3	1543264916	
789	unknown	771	0	1	7	1	6	840	3	4	430763795	
790	unknown	874	0	1	5	1	5	394	4	1	364484847	
791	unknown	1252	0	2	2	0	7	2313	3	29	103308263	
792	unknown	733	0	4	9	1	6	874	1	11	1366183182	
793	unknown	755	2	1	5	1	6	1000	0	2	440226493	嘴上没关系心里很在意
794	unknown	784	1	2	9	1	6	945	4	3	423181982	
795	22	159	0	1	3	1	5	348	1	1	1662208847	
796	unknown	630	0	2	7	1	7	1396	0	2	547137588	
797	20	612	0	1	5	1	6	412	3	1	562189965	青春若有一颗不变的心。
798	26	235	1	3	6	2	6	518	5	4	1565519972	希望再见，只谈风声，不动心，不伤情……
799	unknown	818	3	4	1	2	7	1607	5	6	401281595	
800	18	678	1	2	1	2	9	10773	3	6	499332328	飞进你心里~
801	18	678	1	2	1	2	9	10773	3	6	499332328	飞进你心里~
802	unknown	17998	3	1	1	1	8	5307	1	15	39976833	
803	unknown	457	1	1	7	1	6	1009	1	4	1315352910	遇见你是偶然不经意间的惊喜
804	30	1	0	1	3	0	0	0	3	1	1821844233	才知你去了个地方叫永远，你可否代我发表退役宣言
805	unknown	993	2	1	9	1	7	1565	6	7	308813553	抬头是精神，蹭屄是牺牲😌
806	unknown	1105	3	6	2	2	7	1697	5	7	261603504	己所不欲勿施于人
807	unknown	17998	4	4	1	0	7	1898	0	2	41046222	stay chill
808	unknown	120	0	0	4	2	5	254	6	7	1703382394	
809	unknown	547	3	6	3	1	7	2475	6	2	616929917	一事无成，只剩遗憾
810	19	568	0	6	3	1	8	6070	5	11	597738076	
811	unknown	591	1	1	1	2	8	5792	0	21	568980957	大家都好热爱生活 是装的吗？💉
812	unknown	890	0	1	1	1	7	1042	4	6	356267853	
813	-3	690	2	4	1	2	7	2165	1	19	491236042	生生不息。
814	18	282	0	4	5	1	7	1723	4	12	1509479582	这个人想要本硕博走一波。
815	unknown	890	0	1	1	1	7	1042	4	6	356267853	
816	16	113	2	1	2	2	4	202	5	4	1709729812	君は本当に大きくなったんだ
817	16	113	2	1	2	2	4	202	5	4	1709729812	君は本当に大きくなったんだ
818	unknown	846	0	3	4	1	4	177	3	3	380272179	薇heibai88588
819	unknown	453	0	2	5	0	5	340	3	4	1341316522	
820	unknown	614	0	3	1	0	7	1464	1	7	560059877	
821	unknown	17998	4	4	1	0	7	1898	0	2	41046222	stay chill
822	unknown	366	4	2	3	1	5	272	0	4	1426380850	有些事，不管是输还是赢，我们都必须去做。
823	unknown	874	0	2	3	1	6	652	6	5	364755039	
824	unknown	955	0	5	0	2	7	2637	0	7	322467121	Doctor
825	0	6	0	5	3	0	1	226	4	2	1816955658	
826	19	299	0	2	6	2	5	356	6	3	1490917928	
827	unknown	51	0	2	4	2	0	8	1	1	1769915076	
828	48	496	0	5	3	1	6	873	5	2	1301960832	
829	27	17998	1	2	1	1	7	1079	3	3	29353870	听你爱听的歌
830	27	17998	1	2	1	1	7	1079	3	3	29353870	听你爱听的歌
831	unknown	934	1	5	8	0	6	980	3	7	129362706	
832	unknown	14	0	1	3	1	0	1	2	1	1808875483	
833	unknown	5	0	1	2	1	0	9	1	2	1818651829	
834	19	1160	2	1	3	1	7	1296	3	15	132433142	
835	20	667	8	6	5	1	7	2063	1	9	507793255	中考备战,十年磨一剑,至少应该做一回自己的英雄。
836	16	643	1	2	7	1	8	5920	4	12	536409980	绿
837	unknown	193	0	2	1	0	5	366	2	3	1620034133	
838	19	954	2	2	6	2	9	8983	3	14	326665271	身体和灵魂总有一个在路上，出走的目的，只是想找回那个迷失的自己。
839	unknown	250	0	2	4	1	0	7	3	2	1543850131	
840	unknown	725	0	2	1	2	7	1860	4	13	468944832	
841	unknown	103	0	2	4	2	2	65	1	1	1720357556	
842	unknown	726	2	4	9	1	8	3051	4	10	468463511	
843	unknown	599	0	3	3	2	6	831	3	1	571876729	
844	unknown	901	2	9	1	1	7	1422	0	4	351077634	是谁发明了我喜欢你这种人间疾苦
845	unknown	901	2	9	1	1	7	1422	0	4	351077634	是谁发明了我喜欢你这种人间疾苦
846	29	240	0	2	1	1	6	766	1	11	1554592246	
847	unknown	243	0	2	1	1	6	617	3	8	1325502836	
848	unknown	901	2	9	1	1	7	1422	0	4	351077634	是谁发明了我喜欢你这种人间疾苦
849	29	1162	1	2	6	0	7	1147	4	16	131518549	
850	unknown	554	0	1	3	1	5	228	3	9	600066450	
851	unknown	486	0	2	8	2	7	1509	3	3	1309613719	
852	unknown	486	0	2	8	2	7	1509	3	3	1309613719	
853	unknown	257	9	9	1	2	6	469	0	4	1536453828	关键就在于，你是选择共同幸福，还是独霸利益？
854	unknown	257	9	9	1	2	6	469	0	4	1536453828	关键就在于，你是选择共同幸福，还是独霸利益？
855	22	808	0	1	2	1	8	3217	4	10	408146618	人丑嘴不甜
856	unknown	545	0	1	4	0	5	284	3	2	471460280	
857	unknown	573	0	2	3	1	6	827	5	6	593985286	
858	19	357	0	6	1	1	5	367	3	2	1434471757	我在等的人？我愿不离不弃，你能生死相依？
859	unknown	712	3	2	1	1	5	345	6	3	476950690	心若沉浮，浅笑安然
860	20	285	0	1	0	1	4	198	3	1	1507032520	
861	19	568	0	6	3	1	8	6070	5	11	597738076	
862	24	920	2	1	1	1	8	3177	2	12	248127877	
863	unknown	901	2	9	1	1	7	1422	0	4	351077634	是谁发明了我喜欢你这种人间疾苦
864	unknown	1070	3	4	5	2	7	2714	2	6	274834820	
865	unknown	1193	0	1	3	1	6	1075	0	1	120501079	
866	unknown	111	0	2	6	1	2	43	5	3	1712519521	
867	19	458	1	5	3	1	7	2956	3	7	1336992762	你可以坐在扶手椅上继续读你的书，种你的树，看着它们长大。
868	unknown	901	2	9	1	1	7	1422	0	4	351077634	是谁发明了我喜欢你这种人间疾苦
869	unknown	1062	1	1	4	1	7	2018	1	25	278103562	
870	unknown	1062	1	1	4	1	7	2018	1	25	278103562	
871	unknown	524	0	3	3	2	5	254	4	3	636018485	
872	0	160	0	1	2	0	3	129	6	1	1661066806	
873	23	647	0	4	1	1	5	395	1	5	533628942	
874	23	647	0	4	1	1	5	395	1	5	533628942	
875	17	958	0	4	5	1	7	1133	4	19	324652680	
876	2	696	2	5	7	2	8	3779	7	3	414532650	好好学习 和你 一起
877	unknown	408	0	2	4	1	6	870	3	1	1385348001	
878	unknown	52	0	7	3	1	4	349	4	1	1769118128	
879	unknown	227	0	1	7	1	3	121	1	1	1577206603	
880	14	135	0	1	3	1	5	1176	3	12	1685697332	湉湉咖黎
881	18	223	0	1	3	2	7	1048	3	2	1581652860	
882	unknown	685	1	1	1	1	8	3810	3	5	493863053	
883	29	1108	4	1	5	1	8	7488	6	11	259924770	恃宠而骄 不负厚爱
884	unknown	8	0	1	5	0	2	55	3	1	1815276736	
885	16	1079	3	1	1	1	1	39	4	2	271219022	Get Everybody Moving
886	unknown	705	0	6	1	1	7	1853	4	7	481761469	
887	unknown	251	0	0	4	1	6	1967	1	3	1543264916	
888	unknown	771	0	1	7	1	6	840	3	4	430763795	
889	unknown	874	0	1	5	1	5	394	4	1	364484847	
890	unknown	1252	0	2	2	0	7	2313	3	29	103308263	
891	unknown	733	0	4	9	1	6	874	1	11	1366183182	
892	unknown	755	2	1	5	1	6	1000	0	2	440226493	嘴上没关系心里很在意
893	unknown	784	1	2	9	1	6	945	4	3	423181982	
894	22	159	0	1	3	1	5	348	1	1	1662208847	
895	unknown	630	0	2	7	1	7	1396	0	2	547137588	
896	20	612	0	1	5	1	6	412	3	1	562189965	青春若有一颗不变的心。
897	26	235	1	3	6	2	6	518	5	4	1565519972	希望再见，只谈风声，不动心，不伤情……
898	unknown	818	3	4	1	2	7	1607	5	6	401281595	
899	20	619	0	1	3	1	6	581	4	7	556650678	签名是什么，能吃吗？
900	18	678	1	2	1	2	9	10773	3	6	499332328	飞进你心里~
901	unknown	17998	3	1	1	1	8	5307	1	15	39976833	
902	unknown	457	1	1	7	1	6	1009	1	4	1315352910	遇见你是偶然不经意间的惊喜
903	30	1	0	1	3	0	0	0	3	1	1821844233	才知你去了个地方叫永远，你可否代我发表退役宣言
904	unknown	993	2	1	9	1	7	1565	6	7	308813553	抬头是精神，蹭屄是牺牲😌
905	unknown	1105	3	6	2	2	7	1697	5	7	261603504	己所不欲勿施于人
906	unknown	17998	4	4	1	0	7	1898	0	2	41046222	stay chill
907	unknown	120	0	0	4	2	5	254	6	7	1703382394	
908	unknown	547	3	6	3	1	7	2475	6	2	616929917	一事无成，只剩遗憾
909	19	568	0	6	3	1	8	6070	5	11	597738076	
910	unknown	591	1	1	1	2	8	5792	0	21	568980957	大家都好热爱生活 是装的吗？💉
911	unknown	890	0	1	1	1	7	1042	4	6	356267853	
912	-3	690	2	4	1	2	7	2165	1	19	491236042	生生不息。
913	18	282	0	4	5	1	7	1723	4	12	1509479582	这个人想要本硕博走一波。
914	unknown	890	0	1	1	1	7	1042	4	6	356267853	
915	16	113	2	1	2	2	4	202	5	4	1709729812	君は本当に大きくなったんだ
916	16	113	2	1	2	2	4	202	5	4	1709729812	君は本当に大きくなったんだ
917	unknown	846	0	3	4	1	4	177	3	3	380272179	薇heibai88588
918	unknown	453	0	2	5	0	5	340	3	4	1341316522	
919	unknown	614	0	3	1	0	7	1464	1	7	560059877	
920	unknown	17998	4	4	1	0	7	1898	0	2	41046222	stay chill
921	unknown	366	4	2	3	1	5	272	0	4	1426380850	有些事，不管是输还是赢，我们都必须去做。
922	unknown	874	0	2	3	1	6	652	6	5	364755039	
923	unknown	955	0	5	0	2	7	2637	0	7	322467121	Doctor
924	0	6	0	5	3	0	1	226	4	2	1816955658	
925	19	299	0	2	6	2	5	356	6	3	1490917928	
926	unknown	51	0	2	4	2	0	8	1	1	1769915076	
927	48	496	0	5	3	1	6	873	5	2	1301960832	
928	27	17998	1	2	1	1	7	1079	3	3	29353870	听你爱听的歌
929	27	17998	1	2	1	1	7	1079	3	3	29353870	听你爱听的歌
930	unknown	934	1	5	8	0	6	980	3	7	129362706	
931	unknown	14	0	1	3	1	0	1	2	1	1808875483	
932	unknown	5	0	1	2	1	0	9	1	2	1818651829	
933	19	1160	2	1	3	1	7	1296	3	15	132433142	
934	20	667	8	6	5	1	7	2063	1	9	507793255	中考备战,十年磨一剑,至少应该做一回自己的英雄。
935	16	643	1	2	7	1	8	5920	4	12	536409980	绿
936	unknown	193	0	2	1	0	5	366	2	3	1620034133	
937	19	954	2	2	6	2	9	8983	3	14	326665271	身体和灵魂总有一个在路上，出走的目的，只是想找回那个迷失的自己。
938	unknown	250	0	2	4	1	0	7	3	2	1543850131	
939	unknown	725	0	2	1	2	7	1860	4	13	468944832	
940	unknown	103	0	2	4	2	2	65	1	1	1720357556	
941	unknown	726	2	4	9	1	8	3051	4	10	468463511	
942	unknown	599	0	3	3	2	6	831	3	1	571876729	
943	unknown	901	2	9	1	1	7	1422	0	4	351077634	是谁发明了我喜欢你这种人间疾苦
944	unknown	901	2	9	1	1	7	1422	0	4	351077634	是谁发明了我喜欢你这种人间疾苦
945	29	240	0	2	1	1	6	766	1	11	1554592246	
946	unknown	243	0	2	1	1	6	617	3	8	1325502836	
947	unknown	901	2	9	1	1	7	1422	0	4	351077634	是谁发明了我喜欢你这种人间疾苦
948	29	1162	1	2	6	0	7	1147	4	16	131518549	
949	unknown	554	0	1	3	1	5	228	3	9	600066450	
950	unknown	486	0	2	8	2	7	1509	3	3	1309613719	
951	unknown	486	0	2	8	2	7	1509	3	3	1309613719	
952	unknown	257	9	9	1	2	6	469	0	4	1536453828	关键就在于，你是选择共同幸福，还是独霸利益？
953	unknown	257	9	9	1	2	6	469	0	4	1536453828	关键就在于，你是选择共同幸福，还是独霸利益？
954	22	808	0	1	2	1	8	3217	4	10	408146618	人丑嘴不甜
955	unknown	545	0	1	4	0	5	284	3	2	471460280	
956	unknown	573	0	2	3	1	6	827	5	6	593985286	
957	19	357	0	6	1	1	5	367	3	2	1434471757	我在等的人？我愿不离不弃，你能生死相依？
958	unknown	712	3	2	1	1	5	345	6	3	476950690	心若沉浮，浅笑安然
959	20	285	0	1	0	1	4	198	3	1	1507032520	
960	19	568	0	6	3	1	8	6070	5	11	597738076	
961	24	920	2	1	1	1	8	3177	2	12	248127877	
962	unknown	901	2	9	1	1	7	1422	0	4	351077634	是谁发明了我喜欢你这种人间疾苦
963	unknown	1070	3	4	5	2	7	2714	2	6	274834820	
964	unknown	1193	0	1	3	1	6	1075	0	1	120501079	
965	unknown	111	0	2	6	1	2	43	5	3	1712519521	
966	19	458	1	5	3	1	7	2956	3	7	1336992762	你可以坐在扶手椅上继续读你的书，种你的树，看着它们长大。
967	unknown	901	2	9	1	1	7	1422	0	4	351077634	是谁发明了我喜欢你这种人间疾苦
968	unknown	1062	1	1	4	1	7	2018	1	25	278103562	
969	unknown	1062	1	1	4	1	7	2018	1	25	278103562	
970	unknown	524	0	3	3	2	5	254	4	3	636018485	
971	0	160	0	1	2	0	3	129	6	1	1661066806	
972	23	647	0	4	1	1	5	395	1	5	533628942	
973	23	647	0	4	1	1	5	395	1	5	533628942	
974	17	958	0	4	5	1	7	1133	4	19	324652680	
975	2	696	2	5	7	2	8	3779	7	3	414532650	好好学习 和你 一起
976	unknown	408	0	2	4	1	6	870	3	1	1385348001	
977	unknown	52	0	7	3	1	4	349	4	1	1769118128	
978	unknown	227	0	1	7	1	3	121	1	1	1577206603	
979	14	135	0	1	3	1	5	1176	3	12	1685697332	湉湉咖黎
980	18	223	0	1	3	2	7	1048	3	2	1581652860	
981	unknown	685	1	1	1	1	8	3810	3	5	493863053	
982	29	1108	4	1	5	1	8	7488	6	11	259924770	恃宠而骄 不负厚爱
983	unknown	8	0	1	5	0	2	55	3	1	1815276736	
984	16	1079	3	1	1	1	1	39	4	2	271219022	Get Everybody Moving
985	unknown	705	0	6	1	1	7	1853	4	7	481761469	
986	unknown	251	0	0	4	1	6	1967	1	3	1543264916	
987	unknown	771	0	1	7	1	6	840	3	4	430763795	
988	unknown	874	0	1	5	1	5	394	4	1	364484847	
989	unknown	1252	0	2	2	0	7	2313	3	29	103308263	
990	unknown	733	0	4	9	1	6	874	1	11	1366183182	
991	unknown	755	2	1	5	1	6	1000	0	2	440226493	嘴上没关系心里很在意
992	unknown	784	1	2	9	1	6	945	4	3	423181982	
993	22	159	0	1	3	1	5	348	1	1	1662208847	
994	unknown	630	0	2	7	1	7	1396	0	2	547137588	
995	20	612	0	1	5	1	6	412	3	1	562189965	青春若有一颗不变的心。
996	26	235	1	3	6	2	6	518	5	4	1565519972	希望再见，只谈风声，不动心，不伤情……
997	unknown	818	3	4	1	2	7	1607	5	6	401281595	
998	20	619	0	1	3	1	6	581	4	7	556650678	签名是什么，能吃吗？
999	20	619	0	1	3	1	6	581	4	7	556650678	签名是什么，能吃吗？
